{
  "temperature_sweep": {
    "temp_0.6": 0.16254813969135284,
    "temp_0.8": 0.1624908596277237,
    "temp_1.0": 0.1623288094997406
  },
  "weight_sweep": {
    "config_0": 0.15189972519874573,
    "config_1": 0.15262815356254578,
    "config_2": 0.15063221752643585
  }
}